{
  "info": {
    "name": "dbt API",
    "description": "Postman collection for DSS Transformation Proxy (dbt Cloud API proxy).\n\n**Setup Instructions:**\n1. Set the following environment variables in Postman:\n   - `base_url`: The base URL of the API (e.g., `https://your-api-host`)\n   - `auth_token`: Your Bearer token for authentication\n   - Any other variables referenced in path/query parameters (see requests)\n2. Authentication is configured as Bearer Token using `{{auth_token}}`.\n3. All endpoints are grouped by tags for easier navigation.\n\n**Usage:**\n- Update environment variables before sending requests.\n- Path parameters are referenced as variables (e.g., `{{job_id}}`).\n- Example payloads and descriptions are included where available.",
    "schema": "https://schema.getpostman.com/json/collection/v2.1.0/collection.json",
    "version": "0.1.0"
  },
  "variable": [
    { "key": "base_url", "value": "https://your-api-host", "type": "string" },
    { "key": "auth_token", "value": "", "type": "string" }
  ],
  "auth": {
    "type": "bearer",
    "bearer": [
      { "key": "token", "value": "{{auth_token}}", "type": "string" }
    ]
  },
  "item": [
    {
      "name": "Authentication",
      "item": [
        {
          "name": "User login endpoint",
          "request": {
            "method": "GET",
            "header": [],
            "url": {
              "raw": "{{base_url}}/api/v1/auth/login",
              "host": ["{{base_url}}"],
              "path": ["api", "v1", "auth", "login"]
            },
            "description": "Redirects the user to the Azure AD login page or provides development mode authentication bypass."
          }
        },
        {
          "name": "User logout endpoint",
          "request": {
            "method": "GET",
            "header": [],
            "url": {
              "raw": "{{base_url}}/api/v1/auth/logout",
              "host": ["{{base_url}}"],
              "path": ["api", "v1", "auth", "logout"]
            },
            "description": "Logs the user out by clearing their session and redirects to the Azure AD logout page in production."
          }
        },
        {
          "name": "Current user info",
          "request": {
            "method": "GET",
            "header": [],
            "url": {
              "raw": "{{base_url}}/api/v1/auth/me",
              "host": ["{{base_url}}"],
              "path": ["api", "v1", "auth", "me"]
            },
            "description": "Returns information about the currently authenticated user."
          }
        }
      ]
    },
    {
      "name": "dbt Cloud jobs",
      "item": [
        {
          "name": "List Jobs",
          "request": {
            "method": "GET",
            "header": [],
            "url": {
              "raw": "{{base_url}}/api/v1/dbt/jobs/",
              "host": ["{{base_url}}"],
              "path": ["api", "v1", "dbt", "jobs", ""]
            },
            "description": "List all dbt Cloud jobs.\n\nReturns: JSON object containing a list of dbt Cloud jobs, each with metadata and configuration."
          }
        },
        {
          "name": "Create Job",
          "request": {
            "method": "POST",
            "header": [
              { "key": "Content-Type", "value": "application/json" }
            ],
            "url": {
              "raw": "{{base_url}}/api/v1/dbt/jobs/",
              "host": ["{{base_url}}"],
              "path": ["api", "v1", "dbt", "jobs", ""]
            },
            "body": {
              "mode": "raw",
              "raw": "{\n  \"name\": \"My Job\",\n  \"environment_id\": 123\n}"
            },
            "description": "Create a new dbt Cloud job.\n\nExample request payload:\n{\n  \"name\": \"My Job\",\n  \"environment_id\": 123\n}"
          }
        },
        {
          "name": "Get Job",
          "request": {
            "method": "GET",
            "header": [],
            "url": {
              "raw": "{{base_url}}/api/v1/dbt/jobs/{{job_id}}",
              "host": ["{{base_url}}"],
              "path": ["api", "v1", "dbt", "jobs", "{{job_id}}"]
            },
            "description": "Retrieve a specific dbt Cloud job by ID."
          }
        },
        {
          "name": "Delete Job",
          "request": {
            "method": "DELETE",
            "header": [],
            "url": {
              "raw": "{{base_url}}/api/v1/dbt/jobs/{{job_id}}",
              "host": ["{{base_url}}"],
              "path": ["api", "v1", "dbt", "jobs", "{{job_id}}"]
            },
            "description": "Delete a specific dbt Cloud job by ID."
          }
        },
        {
          "name": "Update Job",
          "request": {
            "method": "POST",
            "header": [
              { "key": "Content-Type", "value": "application/json" }
            ],
            "url": {
              "raw": "{{base_url}}/api/v1/dbt/jobs/{{job_id}}/",
              "host": ["{{base_url}}"],
              "path": ["api", "v1", "dbt", "jobs", "{{job_id}}", ""]
            },
            "body": {
              "mode": "raw",
              "raw": "{\n  \"name\": \"Updated Job Name\"\n}"
            },
            "description": "Update a specific dbt Cloud job by ID.\n\nExample request payload:\n{\n  \"name\": \"Updated Job Name\"\n}"
          }
        },
        {
          "name": "Trigger Job Run",
          "request": {
            "method": "POST",
            "header": [
              { "key": "Content-Type", "value": "application/json" }
            ],
            "url": {
              "raw": "{{base_url}}/api/v1/dbt/jobs/{{job_id}}/trigger",
              "host": ["{{base_url}}"],
              "path": ["api", "v1", "dbt", "jobs", "{{job_id}}", "trigger"]
            },
            "body": {
              "mode": "raw",
              "raw": "{\n  \"cause\": \"Manual trigger from API\"\n}"
            },
            "description": "Trigger a run for a specific dbt Cloud job.\n\nExample request payload:\n{\n  \"cause\": \"Manual trigger from API\"\n}"
          }
        }
      ]
    }
  ]
}